DocNum,Sequence,InternalCode,PublicToken,QRCodeURL
260600700,001,260600700-001,nFpqz3Epdl_w1DjltQ8egQ,https://proregis.windowasia.com/p/nFpqz3Epdl_w1DjltQ8egQ
260600700,002,260600700-002,_zdG8KRhLW3Dlg7jYpkCIQ,https://proregis.windowasia.com/p/_zdG8KRhLW3Dlg7jYpkCIQ
260600700,003,260600700-003,xn0FBUuoyXNMpJF7j-CPJw,https://proregis.windowasia.com/p/xn0FBUuoyXNMpJF7j-CPJw
260600700,004,260600700-004,XCp41fe92xDAO9DRHjPhmg,https://proregis.windowasia.com/p/XCp41fe92xDAO9DRHjPhmg
260600700,005,260600700-005,-1rhO9_4IyK7f22Trih9oA,https://proregis.windowasia.com/p/-1rhO9_4IyK7f22Trih9oA
260600700,006,260600700-006,xL2HFcJzPK-Z28DO5wWfIQ,https://proregis.windowasia.com/p/xL2HFcJzPK-Z28DO5wWfIQ
260600700,007,260600700-007,sjzEvWex5GydW8B7e3-LDw,https://proregis.windowasia.com/p/sjzEvWex5GydW8B7e3-LDw
260600700,008,260600700-008,I0DpqQ9xbZBttgR75S1C3g,https://proregis.windowasia.com/p/I0DpqQ9xbZBttgR75S1C3g
260600700,009,260600700-009,lyoKstGJR22cECvT43Qs2w,https://proregis.windowasia.com/p/lyoKstGJR22cECvT43Qs2w
260600700,010,260600700-010,JJ9tdSRW2dstWn-zqv9rAw,https://proregis.windowasia.com/p/JJ9tdSRW2dstWn-zqv9rAw
260600700,011,260600700-011,bxR__6PkXqkgytJcSVEzzg,https://proregis.windowasia.com/p/bxR__6PkXqkgytJcSVEzzg
260600700,012,260600700-012,FPGPh2cq1_M4O77kOnCCoQ,https://proregis.windowasia.com/p/FPGPh2cq1_M4O77kOnCCoQ
260600700,013,260600700-013,U9UOONiwBHLV5qEMkDnY6w,https://proregis.windowasia.com/p/U9UOONiwBHLV5qEMkDnY6w
260600700,014,260600700-014,bAvyZgw-ZFq1D0iZDE4qdg,https://proregis.windowasia.com/p/bAvyZgw-ZFq1D0iZDE4qdg
260600700,015,260600700-015,yT8fWCyMCW2tCmqBNdIRSQ,https://proregis.windowasia.com/p/yT8fWCyMCW2tCmqBNdIRSQ
260600700,016,260600700-016,Wgb9qcVdjk4mENHus-5JHA,https://proregis.windowasia.com/p/Wgb9qcVdjk4mENHus-5JHA
260600700,017,260600700-017,t1IkU1ddrMIpUDLn8mwKtA,https://proregis.windowasia.com/p/t1IkU1ddrMIpUDLn8mwKtA
260600700,018,260600700-018,d0Qn0Q4AEp79cMRM8HFCPw,https://proregis.windowasia.com/p/d0Qn0Q4AEp79cMRM8HFCPw
260600700,019,260600700-019,8F9xUWiiAFizZh_HMoTyyg,https://proregis.windowasia.com/p/8F9xUWiiAFizZh_HMoTyyg
260600700,020,260600700-020,8faM_bYi5mtee53R2WNbhw,https://proregis.windowasia.com/p/8faM_bYi5mtee53R2WNbhw